<?xml version="1.0" encoding="UTF-8"?>
<gmd:MD_Metadata xmlns:gmd="http://www.isotc211.org/2005/gmd" xmlns:gco="http://www.isotc211.org/2005/gco" xmlns:srv="http://www.isotc211.org/2005/srv" xmlns:xsi="http://www.w3.org/2001/XMLSchema-instance" xmlns:gfm="http://www.isotc211.org/2005/gfm" xmlns:base="http://www.disy.de/preludio2/base" xmlns:geonet="http://www.fao.org/geonetwork" xsi:schemaLocation="http://www.isotc211.org/2005/gmd http://schemas.opengis.net/iso/19139/20060504/gmd/gmd.xsd" uuid="EE85FE8F-BD05-4A6D-813B-6ABC4514B18B">
  <gmd:fileIdentifier>
    <gco:CharacterString>EE85FE8F-BD05-4A6D-813B-6ABC4514B18B</gco:CharacterString>
  </gmd:fileIdentifier>
  <gmd:language>
    <gmd:LanguageCode codeListValue="ger" codeList="http://www.loc.gov/standards/iso639-2/">ger</gmd:LanguageCode>
  </gmd:language>
  <gmd:characterSet>
    <gmd:MD_CharacterSetCode codeListValue="utf8" codeList="http://standards.iso.org/ittf/PubliclyAvailableStandards/ISO_19139_Schemas/resources/codelist/ML_gmxCodelists.xml#MD_CharacterSetCode">utf8</gmd:MD_CharacterSetCode>
  </gmd:characterSet>
  <gmd:parentIdentifier>
    <gco:CharacterString>1a93089d-5c9e-46f2-89c9-d6e253e90c9d</gco:CharacterString>
  </gmd:parentIdentifier>
  <gmd:hierarchyLevel>
    <gmd:MD_ScopeCode codeListValue="dataset" codeList="http://www.isotc211.org/2005/resources/codeList.xml#MD_ScopeCode">dataset</gmd:MD_ScopeCode>
  </gmd:hierarchyLevel>
  <gmd:hierarchyLevelName>
    <gco:CharacterString>dataset</gco:CharacterString>
  </gmd:hierarchyLevelName>
  <gmd:contact>
    <gmd:CI_ResponsibleParty uuid="NLWKN–Daten-ServicestelleNLWKN">
      <gmd:individualName>
        <gco:CharacterString>NLWKN – Daten-Servicestelle</gco:CharacterString>
      </gmd:individualName>
      <gmd:organisationName>
        <gco:CharacterString>Niedersächsischer Landesbetrieb für Wasserwirtschaft, Küsten- und Naturschutz</gco:CharacterString>
      </gmd:organisationName>
      <gmd:positionName>
        <gco:CharacterString>NLWKN – Daten-Servicestelle</gco:CharacterString>
      </gmd:positionName>
      <gmd:contactInfo>
        <gmd:CI_Contact uuid="76503a28-3b1e-410d-bcd6-37a06b724085">
          <gmd:address>
            <gmd:CI_Address uuid="ec9c8068-073f-461d-9305-23b5691b93a6">
              <gmd:electronicMailAddress>
                <gco:CharacterString>daten@nlwkn.niedersachsen.de</gco:CharacterString>
              </gmd:electronicMailAddress>
            </gmd:CI_Address>
          </gmd:address>
        </gmd:CI_Contact>
      </gmd:contactInfo>
      <gmd:role>
        <gmd:CI_RoleCode codeListValue="pointOfContact" codeList="http://www.isotc211.org/2005/resources/codeList.xml#CI_RoleCode">pointOfContact</gmd:CI_RoleCode>
      </gmd:role>
    </gmd:CI_ResponsibleParty>
  </gmd:contact>
  <gmd:dateStamp>
    <gco:DateTime>2024-10-07T14:05:25+02:00</gco:DateTime>
  </gmd:dateStamp>
  <gmd:metadataStandardName>
    <gco:CharacterString>ISO 19115:2003 NOKIS-Profil</gco:CharacterString>
  </gmd:metadataStandardName>
  <gmd:metadataStandardVersion>
    <gco:CharacterString>1.0</gco:CharacterString>
  </gmd:metadataStandardVersion>
  <gmd:spatialRepresentationInfo>
    <gmd:MD_VectorSpatialRepresentation uuid="47a4a4f4-6cc2-40cd-96da-fc36a261e0ab">
      <gmd:topologyLevel>
        <gmd:MD_TopologyLevelCode codeListValue="geometryOnly" codeList="http://www.isotc211.org/2005/resources/codeList.xml#MD_TopologyLevelCode">geometryOnly</gmd:MD_TopologyLevelCode>
      </gmd:topologyLevel>
      <gmd:geometricObjects>
        <gmd:MD_GeometricObjects uuid="9398bcba-9bc5-4781-a63c-b56a9c041c6f">
          <gmd:geometricObjectType>
            <gmd:MD_GeometricObjectTypeCode codeListValue="composite" codeList="http://www.isotc211.org/2005/resources/codeList.xml#MD_GeometricObjectTypeCode">composite</gmd:MD_GeometricObjectTypeCode>
          </gmd:geometricObjectType>
          <gmd:geometricObjectCount>
            <gco:Integer>845</gco:Integer>
          </gmd:geometricObjectCount>
        </gmd:MD_GeometricObjects>
      </gmd:geometricObjects>
    </gmd:MD_VectorSpatialRepresentation>
  </gmd:spatialRepresentationInfo>
  <gmd:referenceSystemInfo>
    <gmd:MD_ReferenceSystem uuid="c32d218b-5b6b-47fc-825c-c98e7c8dbdc9">
      <gmd:referenceSystemIdentifier>
        <gmd:RS_Identifier uuid="1ccefac1-2e68-4791-b667-83eab11bda6e">
          <gmd:code>
            <gco:CharacterString>4647</gco:CharacterString>
          </gmd:code>
          <gmd:codeSpace>
            <gco:CharacterString>EPSG</gco:CharacterString>
          </gmd:codeSpace>
          <gmd:version>
            <gco:CharacterString>8.1(10.1.0)</gco:CharacterString>
          </gmd:version>
        </gmd:RS_Identifier>
      </gmd:referenceSystemIdentifier>
    </gmd:MD_ReferenceSystem>
  </gmd:referenceSystemInfo>
  <gmd:identificationInfo>
    <gmd:MD_DataIdentification uuid="e37798a4-8290-40d0-807f-3fe4492b3186">
      <gmd:citation>
        <gmd:CI_Citation uuid="30a8c7a9-578c-42b1-9670-4bc81a42461f">
          <gmd:title>
            <gco:CharacterString>Naturschutzgebiete (NSG)</gco:CharacterString>
          </gmd:title>
          <gmd:alternateTitle>
            <gco:CharacterString>Naturschutzgebiete_DTK25</gco:CharacterString>
          </gmd:alternateTitle>
          <gmd:date>
            <gmd:CI_Date uuid="ebfb0672-a382-4fcc-a4fd-c998fb8dca28">
              <gmd:date>
                <gco:Date>2009-07-31</gco:Date>
              </gmd:date>
              <gmd:dateType>
                <gmd:CI_DateTypeCode codeListValue="creation" codeList="http://www.isotc211.org/2005/resources/codeList.xml#CI_DateTypeCode">creation</gmd:CI_DateTypeCode>
              </gmd:dateType>
            </gmd:CI_Date>
          </gmd:date>
          <gmd:date>
            <gmd:CI_Date uuid="12357e72-c743-43d2-b7a8-534e503d7e8a">
              <gmd:date>
                <gco:Date>2023-12-31</gco:Date>
              </gmd:date>
              <gmd:dateType>
                <gmd:CI_DateTypeCode codeListValue="revision" codeList="http://www.isotc211.org/2005/resources/codeList.xml#CI_DateTypeCode">revision</gmd:CI_DateTypeCode>
              </gmd:dateType>
            </gmd:CI_Date>
          </gmd:date>
          <gmd:identifier>
            <gmd:MD_Identifier uuid="882149b2-c708-4518-81b8-226f1124c200">
              <gmd:code>
                <gco:CharacterString>https://registry.gdi-de.org/id/de.ni.mu.nlwkn.csw/EE85FE8F-BD05-4A6D-813B-6ABC4514B18B</gco:CharacterString>
              </gmd:code>
            </gmd:MD_Identifier>
          </gmd:identifier>
          <gmd:citedResponsibleParty>
            <gmd:CI_ResponsibleParty uuid="NLWKN–Daten-ServicestelleNLWKN">
              <gmd:individualName>
                <gco:CharacterString>NLWKN – Daten-Servicestelle</gco:CharacterString>
              </gmd:individualName>
              <gmd:organisationName>
                <gco:CharacterString>Niedersächsischer Landesbetrieb für Wasserwirtschaft, Küsten- und Naturschutz</gco:CharacterString>
              </gmd:organisationName>
              <gmd:positionName>
                <gco:CharacterString>NLWKN – Daten-Servicestelle</gco:CharacterString>
              </gmd:positionName>
              <gmd:contactInfo>
                <gmd:CI_Contact uuid="76503a28-3b1e-410d-bcd6-37a06b724085">
                  <gmd:address>
                    <gmd:CI_Address uuid="ec9c8068-073f-461d-9305-23b5691b93a6">
                      <gmd:electronicMailAddress>
                        <gco:CharacterString>daten@nlwkn.niedersachsen.de</gco:CharacterString>
                      </gmd:electronicMailAddress>
                    </gmd:CI_Address>
                  </gmd:address>
                </gmd:CI_Contact>
              </gmd:contactInfo>
              <gmd:role>
                <gmd:CI_RoleCode codeListValue="pointOfContact" codeList="http://www.isotc211.org/2005/resources/codeList.xml#CI_RoleCode">pointOfContact</gmd:CI_RoleCode>
              </gmd:role>
            </gmd:CI_ResponsibleParty>
          </gmd:citedResponsibleParty>
          <gmd:presentationForm>
            <gmd:CI_PresentationFormCode codeListValue="mapDigital" codeList="http://www.isotc211.org/2005/resources/codeList.xml#CI_PresentationFormCode">mapDigital</gmd:CI_PresentationFormCode>
          </gmd:presentationForm>
        </gmd:CI_Citation>
      </gmd:citation>
      <gmd:abstract>
        <gco:CharacterString>Digitale landesweite Übersichtskarte aller Geometrien der in Niedersachsen per Verordnung (§ 16 NNatSchG Abs. 1) festgesetzten Naturschutzgebiete (NSG).Diese Daten sind auch im INSPIRE Datenmodell „Annex 1: Schutzgebiete“ erhältlich. Die Bereitstellung erfolgt per Darstellungs- und Downloaddienst, deren URLs in den Transferoptionen angegeben sind.</gco:CharacterString>
      </gmd:abstract>
      <gmd:credit>
        <gco:CharacterString>© 2023, daten@nlwkn.niedersachsen.de</gco:CharacterString>
      </gmd:credit>
      <gmd:pointOfContact>
        <gmd:CI_ResponsibleParty uuid="NLWKN–Daten-ServicestelleNLWKN">
          <gmd:individualName>
            <gco:CharacterString>NLWKN – Daten-Servicestelle</gco:CharacterString>
          </gmd:individualName>
          <gmd:organisationName>
            <gco:CharacterString>Niedersächsischer Landesbetrieb für Wasserwirtschaft, Küsten- und Naturschutz</gco:CharacterString>
          </gmd:organisationName>
          <gmd:positionName>
            <gco:CharacterString>NLWKN – Daten-Servicestelle</gco:CharacterString>
          </gmd:positionName>
          <gmd:contactInfo>
            <gmd:CI_Contact uuid="76503a28-3b1e-410d-bcd6-37a06b724085">
              <gmd:address>
                <gmd:CI_Address uuid="ec9c8068-073f-461d-9305-23b5691b93a6">
                  <gmd:electronicMailAddress>
                    <gco:CharacterString>daten@nlwkn.niedersachsen.de</gco:CharacterString>
                  </gmd:electronicMailAddress>
                </gmd:CI_Address>
              </gmd:address>
            </gmd:CI_Contact>
          </gmd:contactInfo>
          <gmd:role>
            <gmd:CI_RoleCode codeListValue="pointOfContact" codeList="http://www.isotc211.org/2005/resources/codeList.xml#CI_RoleCode">pointOfContact</gmd:CI_RoleCode>
          </gmd:role>
        </gmd:CI_ResponsibleParty>
      </gmd:pointOfContact>
      <gmd:resourceMaintenance>
        <gmd:MD_MaintenanceInformation uuid="111d1f37-0f70-4631-a5c0-f0a430ae5040">
          <gmd:maintenanceAndUpdateFrequency>
            <gmd:MD_MaintenanceFrequencyCode codeListValue="quarterly" codeList="http://www.isotc211.org/2005/resources/codeList.xml#MD_MaintenanceFrequencyCode">quarterly</gmd:MD_MaintenanceFrequencyCode>
          </gmd:maintenanceAndUpdateFrequency>
        </gmd:MD_MaintenanceInformation>
      </gmd:resourceMaintenance>
      <gmd:descriptiveKeywords>
        <gmd:MD_Keywords uuid="e9367ee1-7208-4acb-9bdc-b557412b8c16">
          <gmd:keyword>
            <gco:CharacterString>Schutzgebiete</gco:CharacterString>
          </gmd:keyword>
          <gmd:type>
            <gmd:MD_KeywordTypeCode codeListValue="theme" codeList="http://www.isotc211.org/2005/resources/codeList.xml#MD_KeywordTypeCode">theme</gmd:MD_KeywordTypeCode>
          </gmd:type>
          <gmd:thesaurusName>
            <gmd:CI_Citation uuid="c9313918-5f36-47fe-8a86-fe14152d6647">
              <gmd:title>
                <gco:CharacterString>GEMET - INSPIRE themes, version 1.0</gco:CharacterString>
              </gmd:title>
              <gmd:date>
                <gmd:CI_Date uuid="9623189d-af64-41fd-a5e0-f2c3ed958feb">
                  <gmd:date>
                    <gco:Date>2008-06-01</gco:Date>
                  </gmd:date>
                  <gmd:dateType>
                    <gmd:CI_DateTypeCode codeListValue="publication" codeList="http://www.isotc211.org/2005/resources/codeList.xml#CI_DateTypeCode">publication</gmd:CI_DateTypeCode>
                  </gmd:dateType>
                </gmd:CI_Date>
              </gmd:date>
            </gmd:CI_Citation>
          </gmd:thesaurusName>
        </gmd:MD_Keywords>
      </gmd:descriptiveKeywords>
      <gmd:descriptiveKeywords>
        <gmd:MD_Keywords uuid="410f1ecb-fea0-4842-8e12-53f57d7a2f3d">
          <gmd:keyword>
            <gco:CharacterString>Regional</gco:CharacterString>
          </gmd:keyword>
          <gmd:type>
            <gmd:MD_KeywordTypeCode codeListValue="theme" codeList="http://www.isotc211.org/2005/resources/codeList.xml#MD_KeywordTypeCode">theme</gmd:MD_KeywordTypeCode>
          </gmd:type>
          <gmd:thesaurusName>
            <gmd:CI_Citation uuid="9e1bd2a6-023f-42c9-ae17-1a7dea3fe5b7">
              <gmd:title>
                <gco:CharacterString>Spatial scope</gco:CharacterString>
              </gmd:title>
              <gmd:date>
                <gmd:CI_Date uuid="ba6c12cb-5867-44c8-81b8-46f86ce257cd">
                  <gmd:date>
                    <gco:Date>2019-05-22</gco:Date>
                  </gmd:date>
                  <gmd:dateType>
                    <gmd:CI_DateTypeCode codeListValue="publication" codeList="http://www.isotc211.org/2005/resources/codeList.xml#CI_DateTypeCode">publication</gmd:CI_DateTypeCode>
                  </gmd:dateType>
                </gmd:CI_Date>
              </gmd:date>
            </gmd:CI_Citation>
          </gmd:thesaurusName>
        </gmd:MD_Keywords>
      </gmd:descriptiveKeywords>
      <gmd:descriptiveKeywords>
        <gmd:MD_Keywords uuid="66531eb2-f74f-472f-adf3-1b9378d04306">
          <gmd:keyword>
            <gco:CharacterString>INSPIRE</gco:CharacterString>
          </gmd:keyword>
          <gmd:keyword>
            <gco:CharacterString>inspireidentifiziert</gco:CharacterString>
          </gmd:keyword>
          <gmd:keyword>
            <gco:CharacterString>opendata</gco:CharacterString>
          </gmd:keyword>
          <gmd:type>
            <gmd:MD_KeywordTypeCode codeListValue="theme" codeList="http://www.isotc211.org/2005/resources/codeList.xml#MD_KeywordTypeCode">theme</gmd:MD_KeywordTypeCode>
          </gmd:type>
        </gmd:MD_Keywords>
      </gmd:descriptiveKeywords>
      <gmd:descriptiveKeywords>
        <gmd:MD_Keywords uuid="482ee532-9c35-496f-8ffd-40747f4f74dc">
          <gmd:keyword>
            <gco:CharacterString>Naturschutz</gco:CharacterString>
          </gmd:keyword>
          <gmd:keyword>
            <gco:CharacterString>Naturschutzgebiet</gco:CharacterString>
          </gmd:keyword>
          <gmd:type>
            <gmd:MD_KeywordTypeCode codeListValue="theme" codeList="http://www.isotc211.org/2005/resources/codeList.xml#MD_KeywordTypeCode">theme</gmd:MD_KeywordTypeCode>
          </gmd:type>
          <gmd:thesaurusName>
            <gmd:CI_Citation uuid="732bd53c-3880-49fa-996f-29f577bd92e5">
              <gmd:title>
                <gco:CharacterString>Semantischer Netzwerk Service (SNS)</gco:CharacterString>
              </gmd:title>
              <gmd:alternateTitle>
                <gco:CharacterString>Semantischer Netzwerk Service (SNS) des Umweltbundesamts</gco:CharacterString>
              </gmd:alternateTitle>
              <gmd:date>
                <gmd:CI_Date uuid="defdbc2c-9ac5-43f2-b38c-5eb18e43bcc0">
                  <gmd:date>
                    <gco:Date>2010-05-04</gco:Date>
                  </gmd:date>
                  <gmd:dateType>
                    <gmd:CI_DateTypeCode codeListValue="publication" codeList="http://www.isotc211.org/2005/resources/codeList.xml#CI_DateTypeCode">publication</gmd:CI_DateTypeCode>
                  </gmd:dateType>
                </gmd:CI_Date>
              </gmd:date>
              <gmd:edition>
                <gco:CharacterString>3.0.2</gco:CharacterString>
              </gmd:edition>
            </gmd:CI_Citation>
          </gmd:thesaurusName>
        </gmd:MD_Keywords>
      </gmd:descriptiveKeywords>
      <gmd:descriptiveKeywords>
        <gmd:MD_Keywords uuid="772780ef-74aa-41d4-b4e0-725514b6690e">
          <gmd:keyword>
            <gco:CharacterString>Fachbehörde für Naturschutz</gco:CharacterString>
          </gmd:keyword>
          <gmd:keyword>
            <gco:CharacterString>NLWKN</gco:CharacterString>
          </gmd:keyword>
          <gmd:keyword>
            <gco:CharacterString>Niedersächsischer Landesbetrieb für Wasserwirtschaft, Küsten- und Naturschutz</gco:CharacterString>
          </gmd:keyword>
          <gmd:type>
            <gmd:MD_KeywordTypeCode codeListValue="theme" codeList="http://www.isotc211.org/2005/resources/codeList.xml#MD_KeywordTypeCode">theme</gmd:MD_KeywordTypeCode>
          </gmd:type>
        </gmd:MD_Keywords>
      </gmd:descriptiveKeywords>
      <gmd:descriptiveKeywords>
        <gmd:MD_Keywords uuid="29b446d2-ab26-465f-be3e-4f71441d6821">
          <gmd:keyword>
            <gco:CharacterString>Erdbeobachtung und Umwelt</gco:CharacterString>
          </gmd:keyword>
          <gmd:type>
            <gmd:MD_KeywordTypeCode codeListValue="theme" codeList="http://www.isotc211.org/2005/resources/codeList.xml#MD_KeywordTypeCode">theme</gmd:MD_KeywordTypeCode>
          </gmd:type>
          <gmd:thesaurusName>
            <gmd:CI_Citation uuid="689bec7a-73cf-40b8-8d42-ec43d997d89d">
              <gmd:title>
                <gco:CharacterString>High-value dataset categories</gco:CharacterString>
              </gmd:title>
              <gmd:date>
                <gmd:CI_Date uuid="423cef94-fb8a-4f60-b971-d7d35eb50045">
                  <gmd:date>
                    <gco:Date>2023-09-27</gco:Date>
                  </gmd:date>
                  <gmd:dateType>
                    <gmd:CI_DateTypeCode codeListValue="publication" codeList="http://www.isotc211.org/2005/resources/codeList.xml#CI_DateTypeCode">publication</gmd:CI_DateTypeCode>
                  </gmd:dateType>
                </gmd:CI_Date>
              </gmd:date>
            </gmd:CI_Citation>
          </gmd:thesaurusName>
        </gmd:MD_Keywords>
      </gmd:descriptiveKeywords>
      <gmd:resourceConstraints>
        <gmd:MD_LegalConstraints uuid="0de662af-a391-4f6e-aa16-e9447bfd083a">
          <gmd:useLimitation>
            <gco:CharacterString>Datenlizenz Deutschland – Namensnennung – Version 2.0 (https://www.govdata.de/dl-de/by-2-0)</gco:CharacterString>
          </gmd:useLimitation>
          <gmd:accessConstraints>
            <gmd:MD_RestrictionCode codeListValue="license" codeList="http://www.isotc211.org/2005/resources/codeList.xml#MD_RestrictionCode">license</gmd:MD_RestrictionCode>
          </gmd:accessConstraints>
          <gmd:accessConstraints>
            <gmd:MD_RestrictionCode codeListValue="otherRestrictions" codeList="http://www.isotc211.org/2005/resources/codeList.xml#MD_RestrictionCode">otherRestrictions</gmd:MD_RestrictionCode>
          </gmd:accessConstraints>
          <gmd:otherConstraints>
            <gco:CharacterString>{ "id": "dl-de-by-2.0", "name": "Datenlizenz Deutschland Namensnennung Version 2.0", "url": "https://www.govdata.de/dl-de/by-2-0", "quelle": "Niedersächsischer Landesbetrieb für Wasserwirtschaft, Küsten- und Naturschutz (NLWKN)" }</gco:CharacterString>
          </gmd:otherConstraints>
        </gmd:MD_LegalConstraints>
      </gmd:resourceConstraints>
      <gmd:resourceConstraints>
        <gmd:MD_LegalConstraints uuid="1acfac17-53e1-4adc-9b59-1006a05a2fac">
          <gmd:useLimitation>
            <gco:CharacterString>Datenlizenz Deutschland – Namensnennung – Version 2.0 (https://www.govdata.de/dl-de/by-2-0)</gco:CharacterString>
          </gmd:useLimitation>
          <gmd:useConstraints>
            <gmd:MD_RestrictionCode codeListValue="license" codeList="http://www.isotc211.org/2005/resources/codeList.xml#MD_RestrictionCode">license</gmd:MD_RestrictionCode>
          </gmd:useConstraints>
          <gmd:useConstraints>
            <gmd:MD_RestrictionCode codeListValue="otherRestrictions" codeList="http://www.isotc211.org/2005/resources/codeList.xml#MD_RestrictionCode">otherRestrictions</gmd:MD_RestrictionCode>
          </gmd:useConstraints>
          <gmd:otherConstraints>
            <gco:CharacterString>{ "id": "dl-de-by-2.0", "name": "Datenlizenz Deutschland Namensnennung Version 2.0", "url": "https://www.govdata.de/dl-de/by-2-0", "quelle": "Niedersächsischer Landesbetrieb für Wasserwirtschaft, Küsten- und Naturschutz (NLWKN)" }</gco:CharacterString>
          </gmd:otherConstraints>
        </gmd:MD_LegalConstraints>
      </gmd:resourceConstraints>
      <gmd:resourceConstraints>
        <gmd:MD_Constraints uuid="8fb716b9-4124-4fbf-bed6-f3a9a7292a5c">
          <gmd:useLimitation>
            <gco:CharacterString>Geometrien nur auf Grundlage der Digitalen Topografischen Karte 1:25.000 (DTK25) aussagekräftig. Rechtlich verbindlich sind ausnahmslos die Gebietsabgrenzungen und Flächenangaben in den jeweiligen Verordnungen oder Gesetzen der Schutzgebiete</gco:CharacterString>
          </gmd:useLimitation>
        </gmd:MD_Constraints>
      </gmd:resourceConstraints>
      <gmd:resourceConstraints>
        <gmd:MD_SecurityConstraints uuid="ed9d44fb-5908-428d-9d98-d7306f1165dc">
          <gmd:classification>
            <gmd:MD_ClassificationCode codeListValue="unclassified" codeList="http://www.isotc211.org/2005/resources/codeList.xml#MD_ClassificationCode">unclassified</gmd:MD_ClassificationCode>
          </gmd:classification>
        </gmd:MD_SecurityConstraints>
      </gmd:resourceConstraints>
      <gmd:spatialRepresentationType>
        <gmd:MD_SpatialRepresentationTypeCode codeListValue="vector" codeList="http://www.isotc211.org/2005/resources/codeList.xml#MD_SpatialRepresentationTypeCode">vector</gmd:MD_SpatialRepresentationTypeCode>
      </gmd:spatialRepresentationType>
      <gmd:spatialResolution>
        <gmd:MD_Resolution>
          <gmd:equivalentScale>
            <gmd:MD_RepresentativeFraction uuid="a91bd38d-b6cf-49ac-9f75-a6d73f15e5e5">
              <gmd:denominator>
                <gco:Integer>25000</gco:Integer>
              </gmd:denominator>
            </gmd:MD_RepresentativeFraction>
          </gmd:equivalentScale>
        </gmd:MD_Resolution>
      </gmd:spatialResolution>
      <gmd:language>
        <gmd:LanguageCode codeListValue="ger" codeList="http://www.loc.gov/standards/iso639-2/">ger</gmd:LanguageCode>
      </gmd:language>
      <gmd:characterSet>
        <gmd:MD_CharacterSetCode codeListValue="utf8" codeList="http://www.isotc211.org/2005/resources/codeList.xml#MD_CharacterSetCode">utf8</gmd:MD_CharacterSetCode>
      </gmd:characterSet>
      <gmd:topicCategory>
        <gmd:MD_TopicCategoryCode>environment</gmd:MD_TopicCategoryCode>
      </gmd:topicCategory>
      <gmd:extent>
        <gmd:EX_Extent uuid="10f2644a-8ad5-4427-849c-f915057b41c0">
          <gmd:geographicElement>
            <gmd:EX_GeographicBoundingBox uuid="b1106768-7f64-4cd4-a8ae-5d4ec38fcb2d">
              <gmd:westBoundLongitude>
                <gco:Decimal>6.3697560000</gco:Decimal>
              </gmd:westBoundLongitude>
              <gmd:eastBoundLongitude>
                <gco:Decimal>11.4905480000</gco:Decimal>
              </gmd:eastBoundLongitude>
              <gmd:southBoundLatitude>
                <gco:Decimal>51.2800890000</gco:Decimal>
              </gmd:southBoundLatitude>
              <gmd:northBoundLatitude>
                <gco:Decimal>53.9118280000</gco:Decimal>
              </gmd:northBoundLatitude>
            </gmd:EX_GeographicBoundingBox>
          </gmd:geographicElement>
        </gmd:EX_Extent>
      </gmd:extent>
      <gmd:extent>
        <gmd:EX_Extent uuid="4b62cbf8-0174-435e-8693-5c34e54ff3f3">
          <gmd:description>
            <gco:CharacterString>Niedersachsen</gco:CharacterString>
          </gmd:description>
        </gmd:EX_Extent>
      </gmd:extent>
    </gmd:MD_DataIdentification>
  </gmd:identificationInfo>
  <gmd:distributionInfo>
    <gmd:MD_Distribution uuid="ed911ebb-ff4d-4201-bbcd-a3e5057273db">
      <gmd:distributor>
        <gmd:MD_Distributor uuid="1186515c-f3d7-4837-821f-4ddaf45f21d3">
          <gmd:distributorContact>
            <gmd:CI_ResponsibleParty uuid="NLWKN–Daten-ServicestelleNLWKN">
              <gmd:individualName>
                <gco:CharacterString>NLWKN – Daten-Servicestelle</gco:CharacterString>
              </gmd:individualName>
              <gmd:organisationName>
                <gco:CharacterString>Niedersächsischer Landesbetrieb für Wasserwirtschaft, Küsten- und Naturschutz</gco:CharacterString>
              </gmd:organisationName>
              <gmd:positionName>
                <gco:CharacterString>NLWKN – Daten-Servicestelle</gco:CharacterString>
              </gmd:positionName>
              <gmd:contactInfo>
                <gmd:CI_Contact uuid="76503a28-3b1e-410d-bcd6-37a06b724085">
                  <gmd:address>
                    <gmd:CI_Address uuid="ec9c8068-073f-461d-9305-23b5691b93a6">
                      <gmd:electronicMailAddress>
                        <gco:CharacterString>daten@nlwkn.niedersachsen.de</gco:CharacterString>
                      </gmd:electronicMailAddress>
                    </gmd:CI_Address>
                  </gmd:address>
                </gmd:CI_Contact>
              </gmd:contactInfo>
              <gmd:role>
                <gmd:CI_RoleCode codeListValue="distributor" codeList="http://www.isotc211.org/2005/resources/codeList.xml#CI_RoleCode">distributor</gmd:CI_RoleCode>
              </gmd:role>
            </gmd:CI_ResponsibleParty>
          </gmd:distributorContact>
          <gmd:distributionOrderProcess>
            <gmd:MD_StandardOrderProcess uuid="32ae7d6e-a485-4eaf-a4f6-3d4354120711">
              <gmd:fees>
                <gco:CharacterString>Nach Aufwand, sofern kein Standardangebot vorhanden.</gco:CharacterString>
              </gmd:fees>
              <gmd:orderingInstructions>
                <gco:CharacterString>Sofern das Online-Angebot nicht ausreichend ist, wenden Sie sich bitte an die Vertriebsstelle.</gco:CharacterString>
              </gmd:orderingInstructions>
              <gmd:turnaround>
                <gco:CharacterString>Zwei Wochen</gco:CharacterString>
              </gmd:turnaround>
            </gmd:MD_StandardOrderProcess>
          </gmd:distributionOrderProcess>
          <gmd:distributorFormat>
            <gmd:MD_Format uuid="cb2a4a7a-6f8b-4182-a375-40f02243f616">
              <gmd:name>
                <gco:CharacterString>Feature-Class in File-Geodatabase</gco:CharacterString>
              </gmd:name>
              <gmd:version>
                <gco:CharacterString>ESRI ArcGIS 10.5.1</gco:CharacterString>
              </gmd:version>
            </gmd:MD_Format>
          </gmd:distributorFormat>
          <gmd:distributorFormat>
            <gmd:MD_Format uuid="1c11ec68-2c5c-4a72-af0d-e5a056398ee4">
              <gmd:name>
                <gco:CharacterString>Shape-File</gco:CharacterString>
              </gmd:name>
              <gmd:version>
                <gco:CharacterString>ESRI ArcGIS 10.5.1</gco:CharacterString>
              </gmd:version>
            </gmd:MD_Format>
          </gmd:distributorFormat>
        </gmd:MD_Distributor>
      </gmd:distributor>
      <gmd:transferOptions>
        <gmd:MD_DigitalTransferOptions uuid="2edccdc2-9f34-4727-ad88-22c1a00572dd">
          <gmd:onLine>
            <gmd:CI_OnlineResource uuid="4ad687fd-f872-4bd5-8863-1c5ad998f876">
              <gmd:linkage>
                <gmd:URL>https://www.umweltkarten-niedersachsen.de/arcgis/services/Natur_wms/MapServer/WMSServer?VERSION=1.3.0.&amp;SERVICE=WMS&amp;REQUEST=GetCapabilities</gmd:URL>
              </gmd:linkage>
              <gmd:applicationProfile>
                <gco:CharacterString>application/xml</gco:CharacterString>
              </gmd:applicationProfile>
              <gmd:name>
                <gco:CharacterString>Darstellungsdienst "Kartendienst Schutzgebiete NAGBNatSchG"</gco:CharacterString>
              </gmd:name>
              <gmd:description>
                <gco:CharacterString>WMS: GetCapabilities</gco:CharacterString>
              </gmd:description>
              <gmd:function>
                <gmd:CI_OnLineFunctionCode codeListValue="information" codeList="http://www.isotc211.org/2005/resources/codeList.xml#CI_OnLineFunctionCode">information</gmd:CI_OnLineFunctionCode>
              </gmd:function>
            </gmd:CI_OnlineResource>
          </gmd:onLine>
          <gmd:onLine>
            <gmd:CI_OnlineResource uuid="1a222adc-54ac-491e-9761-ceecfe758aa4">
              <gmd:linkage>
                <gmd:URL>https://www.umweltkarten-niedersachsen.de/Download_OE/Naturschutz/NSG.zip</gmd:URL>
              </gmd:linkage>
              <gmd:applicationProfile>
                <gco:CharacterString>application/x-shapefile</gco:CharacterString>
              </gmd:applicationProfile>
              <gmd:name>
                <gco:CharacterString>Download: Naturschutzgebiete (NSG)</gco:CharacterString>
              </gmd:name>
              <gmd:description>
                <gco:CharacterString>Datendownload:</gco:CharacterString>
              </gmd:description>
              <gmd:function>
                <gmd:CI_OnLineFunctionCode codeListValue="download" codeList="http://www.isotc211.org/2005/resources/codeList.xml#CI_OnLineFunctionCode">download</gmd:CI_OnLineFunctionCode>
              </gmd:function>
            </gmd:CI_OnlineResource>
          </gmd:onLine>
          <gmd:onLine>
            <gmd:CI_OnlineResource uuid="07cf3781-3eae-4ca1-a418-d6460eb6bc84">
              <gmd:linkage>
                <gmd:URL>https://www.umweltkarten-niedersachsen.de/inspire/services/SchutzgebieteNI/MapServer/WMSServer/WMSServer?VERSION=1.3.0.&amp;SERVICE=WMS&amp;REQUEST=GetCapabilities</gmd:URL>
              </gmd:linkage>
              <gmd:applicationProfile>
                <gco:CharacterString>application/xml</gco:CharacterString>
              </gmd:applicationProfile>
              <gmd:name>
                <gco:CharacterString>INSPIRE-Kartendienst Schutzgebiete</gco:CharacterString>
              </gmd:name>
              <gmd:description>
                <gco:CharacterString>WMS: GetCapabilities</gco:CharacterString>
              </gmd:description>
              <gmd:function>
                <gmd:CI_OnLineFunctionCode codeListValue="information" codeList="http://www.isotc211.org/2005/resources/codeList.xml#CI_OnLineFunctionCode">information</gmd:CI_OnLineFunctionCode>
              </gmd:function>
            </gmd:CI_OnlineResource>
          </gmd:onLine>
          <gmd:onLine>
            <gmd:CI_OnlineResource uuid="2b1ac6b6-744e-42f7-9969-e373a56c4bdd">
              <gmd:linkage>
                <gmd:URL>https://www.umweltkarten-niedersachsen.de/inspire/rest/services/SchutzgebieteNI/MapServer/exts/InspireView/service?REQUEST=GetCapabilities&amp;SERVICE=WMS</gmd:URL>
              </gmd:linkage>
              <gmd:applicationProfile>
                <gco:CharacterString>application/xml</gco:CharacterString>
              </gmd:applicationProfile>
              <gmd:name>
                <gco:CharacterString>INSPIRE View Service Schutzgebiete</gco:CharacterString>
              </gmd:name>
              <gmd:description>
                <gco:CharacterString>InspireViewService: GetCapabilities</gco:CharacterString>
              </gmd:description>
              <gmd:function>
                <gmd:CI_OnLineFunctionCode codeListValue="information" codeList="http://www.isotc211.org/2005/resources/codeList.xml#CI_OnLineFunctionCode">information</gmd:CI_OnLineFunctionCode>
              </gmd:function>
            </gmd:CI_OnlineResource>
          </gmd:onLine>
          <gmd:onLine>
            <gmd:CI_OnlineResource uuid="151f530d-d9f3-40b3-a29b-1048c492eacd">
              <gmd:linkage>
                <gmd:URL>https://www.umweltkarten-niedersachsen.de/inspire/rest/services/SchutzgebieteNI/MapServer/exts/InspireFeatureDownload/service?REQUEST=GetCapabilities&amp;SERVICE=WFS</gmd:URL>
              </gmd:linkage>
              <gmd:applicationProfile>
                <gco:CharacterString>application/xml</gco:CharacterString>
              </gmd:applicationProfile>
              <gmd:name>
                <gco:CharacterString>INSPIRE Download Service Schutzgebiete</gco:CharacterString>
              </gmd:name>
              <gmd:description>
                <gco:CharacterString>WFS: GetCapabilities (2.0.0)</gco:CharacterString>
              </gmd:description>
              <gmd:function>
                <gmd:CI_OnLineFunctionCode codeListValue="download" codeList="http://www.isotc211.org/2005/resources/codeList.xml#CI_OnLineFunctionCode">download</gmd:CI_OnLineFunctionCode>
              </gmd:function>
            </gmd:CI_OnlineResource>
          </gmd:onLine>
        </gmd:MD_DigitalTransferOptions>
      </gmd:transferOptions>
    </gmd:MD_Distribution>
  </gmd:distributionInfo>
  <gmd:dataQualityInfo>
    <gmd:DQ_DataQuality uuid="85d013e6-d9fe-42ee-a42a-936e20bcbc41">
      <gmd:scope>
        <gmd:DQ_Scope uuid="cb0e58b5-08fe-471e-a6cd-0a10fc0d01b7">
          <gmd:level>
            <gmd:MD_ScopeCode codeListValue="dataset" codeList="http://www.isotc211.org/2005/resources/codeList.xml#MD_ScopeCode">dataset</gmd:MD_ScopeCode>
          </gmd:level>
        </gmd:DQ_Scope>
      </gmd:scope>
      <gmd:report>
        <gmd:DQ_DomainConsistency uuid="868c5206-7578-4a7c-b7f5-a5390ac2bbfc">
          <gmd:result>
            <gmd:DQ_ConformanceResult uuid="ad6c1711-d17b-4bfa-b90d-7413b64efd14">
              <gmd:specification>
                <gmd:CI_Citation uuid="46e89746-42cb-4eb4-99f3-3498db758601">
                  <gmd:title>
                    <gco:CharacterString>VERORDNUNG (EG) Nr. 1089/2010 DER KOMMISSION vom 23. November 2010 zur Durchführung der Richtlinie 2007/2/EG des Europäischen Parlaments und des Rates hinsichtlich der Interoperabilität von Geodatensätzen und -diensten</gco:CharacterString>
                  </gmd:title>
                  <gmd:date>
                    <gmd:CI_Date uuid="94c83ea8-dd1a-420d-954f-a3f1811b45ae">
                      <gmd:date>
                        <gco:Date>2010-12-08</gco:Date>
                      </gmd:date>
                      <gmd:dateType>
                        <gmd:CI_DateTypeCode codeListValue="publication" codeList="http://www.isotc211.org/2005/resources/codeList.xml#CI_DateTypeCode">publication</gmd:CI_DateTypeCode>
                      </gmd:dateType>
                    </gmd:CI_Date>
                  </gmd:date>
                </gmd:CI_Citation>
              </gmd:specification>
              <gmd:explanation>
                <gco:CharacterString>Die Qualität der Daten entspricht den Durchführungsbestimmungen.</gco:CharacterString>
              </gmd:explanation>
              <gmd:pass>
                <gco:Boolean>true</gco:Boolean>
              </gmd:pass>
            </gmd:DQ_ConformanceResult>
          </gmd:result>
        </gmd:DQ_DomainConsistency>
      </gmd:report>
      <gmd:report>
        <gmd:DQ_DomainConsistency uuid="03e65ab9-ff8a-40f8-bc0a-05af7b362e5d">
          <gmd:result>
            <gmd:DQ_ConformanceResult uuid="e3dea29d-25a8-41d3-b113-deb972c8abb2">
              <gmd:specification>
                <gmd:CI_Citation uuid="ddd74cfd-086f-491e-a117-e71bb28cc969">
                  <gmd:title>
                    <gco:CharacterString>D2.8.I.9 INSPIRE Data Specification on Protected Sites – Guidelines</gco:CharacterString>
                  </gmd:title>
                  <gmd:date>
                    <gmd:CI_Date uuid="13f811aa-6a06-4abf-a635-8e826d59cb3f">
                      <gmd:date>
                        <gco:Date>2010-04-26</gco:Date>
                      </gmd:date>
                      <gmd:dateType>
                        <gmd:CI_DateTypeCode codeListValue="publication" codeList="http://www.isotc211.org/2005/resources/codeList.xml#CI_DateTypeCode">publication</gmd:CI_DateTypeCode>
                      </gmd:dateType>
                    </gmd:CI_Date>
                  </gmd:date>
                </gmd:CI_Citation>
              </gmd:specification>
              <gmd:explanation>
                <gco:CharacterString>Die Qualität der Daten entspricht den Datenspezifikationen.</gco:CharacterString>
              </gmd:explanation>
              <gmd:pass>
                <gco:Boolean>true</gco:Boolean>
              </gmd:pass>
            </gmd:DQ_ConformanceResult>
          </gmd:result>
        </gmd:DQ_DomainConsistency>
      </gmd:report>
      <gmd:lineage>
        <gmd:LI_Lineage uuid="22ed5a45-d80b-4ac1-afae-3ed5a6498512">
          <gmd:statement>
            <gco:CharacterString>Zuständige Stellen waren bis 31.12.2004 die ehemaligen Bezirksregierungen, von 2005 bis Ende 2007 in Natura2000-Gebieten i.d.R. der Niedersächsische Landesbetrieb für Wasserwirtschaft, Küsten- und Naturschutz (NLWKN) und außerhalb von Natura2000-Gebieten die Unteren Naturschutzbehörden (UNB). Seit Anfang 2008 liegt die Zuständigkeit für die Ausweisung von Naturschutzgebieten generell bei den Unteren Naturschutzbehörden. Die Erstausweisung und Veränderungen der Gebietsabgrenzungen (i. d. R. im Maßstab 1:5.000) werden dem NLWKN von den Unteren Naturschutzbehörden zur Verfügung gestellt. Die Fachbehörde für Naturschutz (FfN) im NLWKN erzeugt daraus auf Basis der DTK 1:25.000 eine Landesweite Übersicht der Schutzgebiete in Niedersachsen auf Grundlage des § 33 Abs. 1 S. 3 NNatSchG.</gco:CharacterString>
          </gmd:statement>
        </gmd:LI_Lineage>
      </gmd:lineage>
    </gmd:DQ_DataQuality>
  </gmd:dataQualityInfo>
  <gmd:metadataMaintenance>
    <gmd:MD_MaintenanceInformation uuid="803e4605-6ba7-413e-9b88-5bff58b17f63">
      <gmd:maintenanceAndUpdateFrequency>
        <gmd:MD_MaintenanceFrequencyCode codeListValue="quarterly" codeList="http://www.isotc211.org/2005/resources/codeList.xml#MD_MaintenanceFrequencyCode">quarterly</gmd:MD_MaintenanceFrequencyCode>
      </gmd:maintenanceAndUpdateFrequency>
    </gmd:MD_MaintenanceInformation>
  </gmd:metadataMaintenance>
</gmd:MD_Metadata>