<?xml version="1.0" encoding="UTF-8"?>
<info version="1.1">
  <general>
    <createDate>2024-07-16T13:40:40</createDate>
    <changeDate>2024-10-07T12:05:25</changeDate>
    <schema>iso19139</schema>
    <isTemplate>n</isTemplate>
    <localId>177926</localId>
    <format>full</format>
    <rating>0</rating>
    <popularity>112</popularity>
    <uuid>EE85FE8F-BD05-4A6D-813B-6ABC4514B18B</uuid>
    <siteId>8bfcd18f-eb77-4660-9d50-5fd667856461</siteId>
    <siteName>Geodatensuche Niedersachsen</siteName>
  </general>
  <categories>
    <category name="Land_NOKIS" />
  </categories>
  <privileges>
    <group name="all">
      <operation name="view" />
      <operation name="dynamic" />
      <operation name="download" />
    </group>
  </privileges>
  <public />
  <private />
</info>

